"order_id","item_id","product_id","quantity","list_price","discount"
1001,1,72,1,619.99,0.05
1001,2,45,2,869.99,0.05
1001,3,58,1,4999.99,0.1
1001,4,111,1,470.99,0.07
1002,1,100,1,489.99,0.05
1002,2,83,1,149.99,0.1
1002,3,8,2,1799.99,0.1
1002,4,79,1,402.99,0.2
1003,1,34,2,469.99,0.05
1003,2,51,2,6499.99,0.05
1004,1,36,2,832.99,0.1
1005,1,14,2,269.99,0.2
1005,2,81,2,1099.99,0.1
1005,3,99,1,299.99,0.1
1006,1,20,1,599.99,0.07
1006,2,68,1,449.99,0.1
1006,3,56,2,5499.99,0.07
1006,4,65,1,346.99,0.1
1006,5,46,1,1409.99,0.1
1007,1,26,1,599.99,0.2
1007,2,11,1,1680.99,0.05
1007,3,85,2,329.99,0.1
1007,4,76,1,299.99,0.2
1007,5,106,2,449.99,0.1
1008,1,71,1,416.99,0.2
1008,2,2,1,749.99,0.1
1008,3,95,1,299.99,0.07
1009,1,95,2,299.99,0.07
1009,2,44,1,539.99,0.07
1010,1,109,2,416.99,0.1
1011,1,88,1,189.99,0.2
1011,2,99,2,299.99,0.2
1011,3,16,2,599.99,0.2
1011,4,68,2,449.99,0.05
1012,1,8,1,1799.99,0.07
1012,2,64,1,489.99,0.2
1013,1,60,2,1559.99,0.05
1014,1,97,1,349.99,0.2
1014,2,45,2,869.99,0.05
1014,3,81,2,1099.99,0.1
1014,4,59,1,2599.99,0.05
1015,1,6,2,469.99,0.1
1015,2,73,2,749.99,0.2
1015,3,101,2,339.99,0.1
1015,4,13,1,269.99,0.2
1016,1,76,2,299.99,0.07
1017,1,89,1,209.99,0.07
1017,2,82,2,659.99,0.2
1017,3,100,1,489.99,0.2
1017,4,18,2,449,0.2
1017,5,77,2,799.99,0.1
1018,1,76,2,299.99,0.07
1018,2,97,2,349.99,0.1
1018,3,91,1,349.99,0.2
1019,1,30,1,999.99,0.1
1019,2,52,1,875.99,0.2
1019,3,37,1,379.99,0.05
1019,4,93,2,209.99,0.2
1020,1,20,2,599.99,0.05
1020,2,69,2,416.99,0.05
1020,3,15,1,529.99,0.07
1020,4,57,2,1999.99,0.1
1020,5,40,2,4999.99,0.05
1021,1,49,2,3499.99,0.07
1021,2,23,2,299.99,0.07
1022,1,33,1,469.99,0.2
1022,2,46,1,1409.99,0.1
1022,3,65,1,346.99,0.07
1022,4,5,1,1320.99,0.07
1023,1,91,1,349.99,0.07
1023,2,43,2,5299.99,0.1
1024,1,104,1,481.99,0.2
1024,2,28,2,2499.99,0.05
1024,3,98,2,489.99,0.2
1024,4,96,2,349.99,0.1
1024,5,91,1,349.99,0.2
1025,1,89,1,209.99,0.07
1025,2,102,1,489.99,0.1
1025,3,39,1,1499.99,0.1
1025,4,15,1,529.99,0.05
1025,5,66,2,250.99,0.05
1026,1,7,2,3999.99,0.07
1027,1,95,2,299.99,0.1
1027,2,14,2,269.99,0.05
1028,1,111,2,470.99,0.1
1028,2,10,1,1549,0.2
1028,3,41,1,1469.99,0.2
1028,4,35,2,832.99,0.1
1028,5,108,1,449.99,0.2
1029,1,20,1,599.99,0.2
1029,2,55,1,2699.99,0.1
1029,3,40,1,4999.99,0.2
1029,4,68,2,449.99,0.1
1030,1,27,1,999.99,0.05
1030,2,10,2,1549,0.1
1030,3,72,1,619.99,0.1
1031,1,27,2,999.99,0.2
1031,2,108,2,449.99,0.2
1032,1,60,2,1559.99,0.1
1032,2,17,1,429,0.1
1033,1,26,1,599.99,0.07
1033,2,109,2,416.99,0.1
1033,3,27,2,999.99,0.07
1034,1,101,1,339.99,0.1
1034,2,8,2,1799.99,0.1
1034,3,11,2,1680.99,0.07
1034,4,21,1,269.99,0.05
1035,1,96,1,349.99,0.2
1036,1,55,2,2699.99,0.1
1036,2,76,1,299.99,0.07
1036,3,18,2,449,0.05
1036,4,65,2,346.99,0.2
1036,5,12,1,549.99,0.2
1037,1,74,2,439.99,0.07
1037,2,3,1,999.99,0.07
1037,3,65,2,346.99,0.2
1037,4,92,1,209.99,0.07
1037,5,84,2,109.99,0.05
1038,1,83,1,149.99,0.05
1038,2,9,1,2999.99,0.07
1039,1,18,2,449,0.2
1040,1,97,1,349.99,0.1
1040,2,28,2,2499.99,0.2
1040,3,64,1,489.99,0.07
1040,4,27,2,999.99,0.07
1040,5,8,2,1799.99,0.05
1041,1,89,1,209.99,0.1
1041,2,61,2,4999.99,0.07
1041,3,94,2,249.99,0.1
1042,1,23,1,299.99,0.1
1043,1,55,2,2699.99,0.1
1043,2,20,1,599.99,0.07
1044,1,97,2,349.99,0.1
1045,1,28,1,2499.99,0.05
1045,2,104,2,481.99,0.05
1046,1,60,1,1559.99,0.07
1046,2,79,1,402.99,0.07
1046,3,32,1,469.99,0.07
1046,4,41,2,1469.99,0.1
1046,5,17,2,429,0.05
1047,1,28,2,2499.99,0.1
1047,2,78,1,647.99,0.2
1047,3,35,1,832.99,0.05
1047,4,49,1,3499.99,0.05
1048,1,3,2,999.99,0.1
1048,2,37,1,379.99,0.1
1048,3,94,1,249.99,0.05
1049,1,9,1,2999.99,0.1
1049,2,36,2,832.99,0.05
1049,3,3,1,999.99,0.1
1049,4,26,1,599.99,0.07
1049,5,10,2,1549,0.05
1050,1,96,2,349.99,0.07
1050,2,99,2,299.99,0.1
1050,3,45,2,869.99,0.2
1050,4,14,2,269.99,0.2
1051,1,46,1,1409.99,0.2
1052,1,7,1,3999.99,0.05
1052,2,103,1,551.99,0.05
1052,3,26,2,599.99,0.07
1053,1,49,2,3499.99,0.05
1053,2,26,2,599.99,0.2
1053,3,23,2,299.99,0.2
1053,4,68,1,449.99,0.1
1053,5,73,2,749.99,0.05
1054,1,36,2,832.99,0.1
1054,2,16,1,599.99,0.05
1055,1,43,2,5299.99,0.07
1055,2,101,2,339.99,0.2
1055,3,12,2,549.99,0.1
1055,4,83,2,149.99,0.1
1055,5,60,1,1559.99,0.2
1056,1,3,1,999.99,0.05
1057,1,105,1,533.99,0.2
1057,2,97,1,349.99,0.05
1057,3,98,2,489.99,0.05
1058,1,43,1,5299.99,0.1
1058,2,29,2,999.99,0.05
1058,3,103,1,551.99,0.07
1059,1,46,2,1409.99,0.05
1059,2,7,1,3999.99,0.1
1059,3,13,1,269.99,0.07
1060,1,7,1,3999.99,0.07
1060,2,11,2,1680.99,0.07
1060,3,61,2,4999.99,0.1
1060,4,30,2,999.99,0.05
1061,1,14,1,269.99,0.07
1061,2,19,1,449,0.1
1062,1,13,1,269.99,0.05
1062,2,111,2,470.99,0.2
1062,3,5,1,1320.99,0.05
1062,4,12,1,549.99,0.2
1063,1,33,2,469.99,0.1
1063,2,100,2,489.99,0.07
1063,3,72,2,619.99,0.2
1064,1,18,1,449,0.07
1064,2,49,1,3499.99,0.1
1065,1,48,2,1499.99,0.07
1065,2,103,2,551.99,0.05
1065,3,63,1,3499.99,0.07
1066,1,15,2,529.99,0.05
1066,2,46,1,1409.99,0.1
1066,3,12,1,549.99,0.1
1067,1,74,2,439.99,0.07
1067,2,9,2,2999.99,0.2
1067,3,72,2,619.99,0.1
1067,4,6,2,469.99,0.2
1068,1,87,2,189.99,0.2
1068,2,82,1,659.99,0.2
1068,3,49,2,3499.99,0.2
1068,4,45,2,869.99,0.2
1069,1,109,1,416.99,0.07
1069,2,93,1,209.99,0.1
1070,1,110,1,470.99,0.2
1070,2,18,2,449,0.1
1070,3,94,1,249.99,0.05
1071,1,25,2,499.99,0.2
1072,1,83,1,149.99,0.2
1072,2,89,2,209.99,0.07
1072,3,36,2,832.99,0.07
1073,1,81,1,1099.99,0.2
1073,2,13,1,269.99,0.07
1073,3,20,1,599.99,0.2
1074,1,59,1,2599.99,0.1
1074,2,87,1,189.99,0.07
1074,3,89,2,209.99,0.1
1075,1,48,2,1499.99,0.1
1075,2,111,2,470.99,0.05
1076,1,95,1,299.99,0.1
1076,2,102,1,489.99,0.07
1076,3,73,2,749.99,0.07
1077,1,60,2,1559.99,0.05
1078,1,76,2,299.99,0.07
1078,2,60,2,1559.99,0.2
1078,3,15,1,529.99,0.07
1078,4,10,2,1549,0.1
1078,5,72,2,619.99,0.2
1079,1,70,2,659.99,0.07
1080,1,31,1,1632.99,0.2
1080,2,40,1,4999.99,0.1
1080,3,50,1,5999.99,0.05
1080,4,32,2,469.99,0.2
1080,5,86,1,149.99,0.05
1081,1,52,2,875.99,0.1
1082,1,29,2,999.99,0.2
1083,1,65,2,346.99,0.2
1083,2,77,2,799.99,0.1
1083,3,61,1,4999.99,0.07
1083,4,33,1,469.99,0.2
1084,1,30,1,999.99,0.05
1084,2,70,1,659.99,0.05
1084,3,98,2,489.99,0.2
1084,4,65,2,346.99,0.07
1084,5,60,1,1559.99,0.1
1085,1,66,2,250.99,0.2
1085,2,64,1,489.99,0.1
1085,3,74,1,439.99,0.1
1086,1,108,1,449.99,0.07
1086,2,67,1,250.99,0.1
1086,3,81,2,1099.99,0.05
1086,4,10,2,1549,0.07
1086,5,5,1,1320.99,0.2
1087,1,15,1,529.99,0.07
1087,2,102,2,489.99,0.07
1087,3,59,2,2599.99,0.1
1087,4,13,2,269.99,0.07
1087,5,109,2,416.99,0.2
1088,1,64,1,489.99,0.1
1088,2,30,1,999.99,0.1
1088,3,33,1,469.99,0.07
1088,4,36,2,832.99,0.2
1089,1,70,2,659.99,0.07
1089,2,30,2,999.99,0.05
1090,1,74,1,439.99,0.2
1091,1,97,1,349.99,0.05
1091,2,56,1,5499.99,0.1
1091,3,19,1,449,0.1
1092,1,34,1,469.99,0.05
1092,2,30,2,999.99,0.07
1092,3,2,2,749.99,0.1
1092,4,18,1,449,0.2
1093,1,45,2,869.99,0.07
1093,2,17,2,429,0.1
1093,3,90,2,209.99,0.1
1094,1,71,1,416.99,0.1
1094,2,11,1,1680.99,0.1
1094,3,24,1,549.99,0.1
1094,4,107,1,416.99,0.2
1095,1,78,2,647.99,0.05
1095,2,3,2,999.99,0.2
1095,3,15,2,529.99,0.1
1095,4,31,1,1632.99,0.2
1095,5,50,2,5999.99,0.05
1096,1,11,1,1680.99,0.1
1097,1,99,1,299.99,0.05
1097,2,106,2,449.99,0.07
1097,3,98,2,489.99,0.07
1097,4,19,1,449,0.2
1097,5,35,2,832.99,0.05
1098,1,88,1,189.99,0.1
1099,1,64,1,489.99,0.1
1099,2,13,2,269.99,0.05
1099,3,46,1,1409.99,0.07
1099,4,89,2,209.99,0.1
1100,1,12,1,549.99,0.05
1100,2,9,2,2999.99,0.1
1101,1,105,1,533.99,0.07
1101,2,51,1,6499.99,0.05
1102,1,91,1,349.99,0.07
1103,1,106,1,449.99,0.2
1103,2,46,2,1409.99,0.2
1104,1,17,1,429,0.1
1104,2,70,2,659.99,0.1
1104,3,43,1,5299.99,0.07
1104,4,80,1,761.99,0.07
1105,1,60,1,1559.99,0.05
1105,2,56,2,5499.99,0.2
1105,3,35,2,832.99,0.07
1106,1,96,1,349.99,0.1
1107,1,43,1,5299.99,0.2
1107,2,41,2,1469.99,0.2
1108,1,45,2,869.99,0.05
1108,2,100,1,489.99,0.07
1108,3,105,1,533.99,0.07
1109,1,72,2,619.99,0.1
1110,1,56,1,5499.99,0.1
1111,1,95,1,299.99,0.05
1111,2,66,2,250.99,0.1
1111,3,14,1,269.99,0.2
1111,4,24,1,549.99,0.07
1112,1,71,2,416.99,0.05
1112,2,42,1,2299.99,0.07
1112,3,5,2,1320.99,0.1
1112,4,87,2,189.99,0.07
1112,5,9,2,2999.99,0.1
1113,1,106,1,449.99,0.07
1114,1,52,1,875.99,0.2
1115,1,97,2,349.99,0.2
1115,2,50,2,5999.99,0.07
1115,3,91,2,349.99,0.07
1115,4,49,2,3499.99,0.1
1116,1,11,2,1680.99,0.07
1117,1,37,2,379.99,0.1
1117,2,91,1,349.99,0.2
1117,3,51,2,6499.99,0.1
1118,1,55,2,2699.99,0.2
1118,2,50,1,5999.99,0.07
1118,3,29,1,999.99,0.05
1118,4,47,2,5299.99,0.2
1119,1,93,2,209.99,0.1
1119,2,55,2,2699.99,0.05
1119,3,104,1,481.99,0.2
1120,1,92,2,209.99,0.07
1120,2,31,1,1632.99,0.07
1120,3,30,2,999.99,0.05
1120,4,93,1,209.99,0.07
1120,5,94,1,249.99,0.2
1121,1,11,2,1680.99,0.1
1121,2,110,2,470.99,0.05
1122,1,9,2,2999.99,0.07
1122,2,53,1,749.99,0.1
1122,3,49,2,3499.99,0.2
1122,4,41,2,1469.99,0.05
1122,5,72,1,619.99,0.1
1123,1,65,2,346.99,0.07
1123,2,61,2,4999.99,0.1
1124,1,7,2,3999.99,0.1
1124,2,6,1,469.99,0.1
1124,3,109,2,416.99,0.07
1124,4,45,2,869.99,0.05
1124,5,2,2,749.99,0.05
1125,1,16,2,599.99,0.05
1125,2,21,1,269.99,0.1
1125,3,81,2,1099.99,0.07
1125,4,24,1,549.99,0.07
1125,5,32,2,469.99,0.07
1126,1,33,2,469.99,0.1
1126,2,58,1,4999.99,0.2
1126,3,89,2,209.99,0.05
1127,1,23,2,299.99,0.1
1127,2,96,2,349.99,0.07
1127,3,37,1,379.99,0.2
1128,1,44,1,539.99,0.05
1128,2,10,1,1549,0.2
1128,3,65,2,346.99,0.05
1129,1,71,2,416.99,0.2
1129,2,56,1,5499.99,0.2
1129,3,61,2,4999.99,0.05
1130,1,54,2,3199.99,0.2
1131,1,60,2,1559.99,0.07
1131,2,103,2,551.99,0.05
1132,1,43,1,5299.99,0.05
1132,2,10,1,1549,0.1
1132,3,36,2,832.99,0.1
1132,4,16,1,599.99,0.05
1133,1,4,2,2899.99,0.05
1133,2,17,1,429,0.07
1133,3,90,2,209.99,0.2
1133,4,62,1,3499.99,0.2
1134,1,97,1,349.99,0.1
1134,2,36,1,832.99,0.1
1135,1,101,2,339.99,0.05
1135,2,51,1,6499.99,0.1
1136,1,105,1,533.99,0.1
1137,1,28,1,2499.99,0.2
1137,2,58,2,4999.99,0.2
1137,3,84,2,109.99,0.2
1137,4,69,2,416.99,0.07
1138,1,13,2,269.99,0.05
1138,2,105,2,533.99,0.05
1138,3,93,1,209.99,0.1
1139,1,106,2,449.99,0.05
1139,2,44,2,539.99,0.1
1139,3,69,1,416.99,0.05
1139,4,25,2,499.99,0.1
1139,5,7,1,3999.99,0.1
1140,1,39,2,1499.99,0.1
1140,2,71,2,416.99,0.07
1140,3,38,2,549.99,0.1
1140,4,40,2,4999.99,0.07
1141,1,8,1,1799.99,0.1
1142,1,20,2,599.99,0.07
1142,2,30,1,999.99,0.1
1142,3,109,2,416.99,0.05
1142,4,108,2,449.99,0.2
1142,5,100,2,489.99,0.05
1143,1,99,1,299.99,0.2
1143,2,48,1,1499.99,0.2
1143,3,69,2,416.99,0.1
1144,1,88,1,189.99,0.07
1145,1,105,2,533.99,0.07
1146,1,36,1,832.99,0.07
1146,2,64,1,489.99,0.2
1146,3,11,1,1680.99,0.2
1147,1,82,1,659.99,0.2
1147,2,39,2,1499.99,0.05
1148,1,82,1,659.99,0.07
1148,2,22,1,269.99,0.07
1148,3,77,2,799.99,0.05
1148,4,94,2,249.99,0.1
1149,1,98,2,489.99,0.07
1149,2,48,1,1499.99,0.05
1149,3,58,1,4999.99,0.05
1149,4,85,1,329.99,0.2
1149,5,94,1,249.99,0.1
1150,1,29,1,999.99,0.05
1150,2,91,1,349.99,0.05
1150,3,104,2,481.99,0.07
1150,4,21,2,269.99,0.1
1151,1,30,2,999.99,0.05
1152,1,58,1,4999.99,0.07
1152,2,91,2,349.99,0.2
1152,3,24,1,549.99,0.05
1153,1,103,1,551.99,0.1
1153,2,6,2,469.99,0.05
1154,1,17,1,429,0.2
1154,2,60,1,1559.99,0.07
1154,3,67,2,250.99,0.2
1155,1,68,2,449.99,0.05
1155,2,6,2,469.99,0.1
1155,3,35,1,832.99,0.07
1155,4,77,2,799.99,0.05
1156,1,111,2,470.99,0.05
1156,2,86,1,149.99,0.05
1157,1,20,1,599.99,0.1
1157,2,31,2,1632.99,0.1
1157,3,37,2,379.99,0.2
1157,4,41,1,1469.99,0.07
1158,1,95,2,299.99,0.1
1158,2,74,1,439.99,0.07
1159,1,12,2,549.99,0.1
1160,1,41,1,1469.99,0.1
1160,2,9,1,2999.99,0.2
1161,1,71,2,416.99,0.1
1161,2,38,1,549.99,0.07
1161,3,22,1,269.99,0.2
1161,4,29,2,999.99,0.1
1162,1,88,1,189.99,0.2
1162,2,40,2,4999.99,0.2
1162,3,86,1,149.99,0.1
1162,4,41,1,1469.99,0.05
1162,5,12,2,549.99,0.05
1163,1,63,2,3499.99,0.05
1163,2,53,2,749.99,0.1
1164,1,8,1,1799.99,0.2
1164,2,78,1,647.99,0.05
1164,3,103,2,551.99,0.05
1164,4,44,2,539.99,0.05
1165,1,65,2,346.99,0.07
1165,2,68,1,449.99,0.07
1166,1,103,2,551.99,0.07
1167,1,29,2,999.99,0.05
1167,2,81,2,1099.99,0.1
1167,3,68,1,449.99,0.07
1168,1,23,2,299.99,0.1
1168,2,82,1,659.99,0.2
1168,3,51,1,6499.99,0.07
1168,4,107,2,416.99,0.2
1168,5,15,2,529.99,0.05
1169,1,91,2,349.99,0.2
1169,2,51,1,6499.99,0.05
1169,3,58,2,4999.99,0.1
1169,4,81,2,1099.99,0.2
1170,1,15,1,529.99,0.1
1170,2,47,2,5299.99,0.05
1170,3,62,2,3499.99,0.1
1171,1,94,2,249.99,0.2
1171,2,92,2,209.99,0.07
1171,3,10,2,1549,0.07
1172,1,78,2,647.99,0.07
1172,2,104,1,481.99,0.2
1173,1,95,1,299.99,0.2
1173,2,17,1,429,0.07
1173,3,68,1,449.99,0.05
1173,4,103,2,551.99,0.2
1174,1,110,2,470.99,0.2
1174,2,6,1,469.99,0.07
1174,3,106,1,449.99,0.1
1175,1,58,2,4999.99,0.07
1175,2,65,1,346.99,0.2
1175,3,20,1,599.99,0.05
1175,4,3,1,999.99,0.05
1175,5,9,1,2999.99,0.05
1176,1,87,1,189.99,0.1
1177,1,62,2,3499.99,0.07
1177,2,74,1,439.99,0.1
1178,1,46,1,1409.99,0.07
1178,2,77,1,799.99,0.2
1178,3,108,1,449.99,0.05
1178,4,13,2,269.99,0.05
1179,1,93,2,209.99,0.05
1179,2,88,2,189.99,0.05
1179,3,33,2,469.99,0.2
1179,4,50,1,5999.99,0.07
1180,1,66,2,250.99,0.07
1181,1,98,1,489.99,0.1
1182,1,35,1,832.99,0.1
1182,2,49,2,3499.99,0.1
1183,1,63,1,3499.99,0.2
1183,2,80,2,761.99,0.2
1183,3,6,2,469.99,0.05
1184,1,16,2,599.99,0.05
1184,2,71,1,416.99,0.05
1185,1,19,2,449,0.07
1185,2,21,1,269.99,0.07
1185,3,63,2,3499.99,0.1
1185,4,80,1,761.99,0.2
1186,1,48,2,1499.99,0.1
1186,2,49,1,3499.99,0.07
1186,3,106,1,449.99,0.1
1186,4,27,1,999.99,0.2
1187,1,36,2,832.99,0.1
1187,2,79,1,402.99,0.07
1187,3,4,1,2899.99,0.1
1187,4,53,2,749.99,0.1
1188,1,66,2,250.99,0.1
1188,2,91,2,349.99,0.2
1188,3,87,2,189.99,0.1
1189,1,55,1,2699.99,0.07
1189,2,102,2,489.99,0.1
1189,3,40,2,4999.99,0.1
1190,1,71,1,416.99,0.07
1191,1,40,2,4999.99,0.1
1191,2,89,2,209.99,0.1
1191,3,100,1,489.99,0.07
1192,1,24,2,549.99,0.1
1192,2,88,2,189.99,0.07
1192,3,37,2,379.99,0.2
1193,1,83,2,149.99,0.05
1193,2,27,1,999.99,0.05
1194,1,71,1,416.99,0.05
1194,2,7,2,3999.99,0.07
1194,3,105,2,533.99,0.1
1194,4,84,1,109.99,0.05
1195,1,52,1,875.99,0.07
1196,1,53,1,749.99,0.07
1197,1,13,1,269.99,0.07
1197,2,108,2,449.99,0.05
1197,3,9,2,2999.99,0.05
1197,4,106,2,449.99,0.2
1198,1,105,1,533.99,0.05
1199,1,32,1,469.99,0.05
1199,2,94,2,249.99,0.07
1199,3,109,2,416.99,0.1
1200,1,42,2,2299.99,0.2
1201,1,95,1,299.99,0.07
1201,2,13,1,269.99,0.05
1201,3,26,1,599.99,0.2
1201,4,17,2,429,0.05
1201,5,19,2,449,0.2
1202,1,84,2,109.99,0.05
1203,1,6,2,469.99,0.07
1203,2,55,1,2699.99,0.05
1204,1,37,2,379.99,0.07
1205,1,105,2,533.99,0.2
1205,2,46,2,1409.99,0.2
1205,3,71,1,416.99,0.05
1205,4,79,2,402.99,0.07
1205,5,92,1,209.99,0.1
1206,1,73,1,749.99,0.07
1206,2,29,1,999.99,0.2
1207,1,104,1,481.99,0.05
1207,2,103,1,551.99,0.1
1207,3,23,1,299.99,0.07
1208,1,12,1,549.99,0.2
1208,2,65,2,346.99,0.07
1208,3,86,2,149.99,0.2
1208,4,13,2,269.99,0.1
1208,5,87,1,189.99,0.07
1209,1,89,1,209.99,0.07
1209,2,97,1,349.99,0.05
1210,1,26,1,599.99,0.1
1210,2,6,2,469.99,0.07
1210,3,78,2,647.99,0.05
1210,4,84,1,109.99,0.1
1210,5,35,2,832.99,0.05
1211,1,15,2,529.99,0.2
1211,2,59,1,2599.99,0.05
1211,3,92,1,209.99,0.2
1211,4,93,1,209.99,0.1
1211,5,108,2,449.99,0.2
1212,1,74,1,439.99,0.1
1212,2,37,2,379.99,0.07
1212,3,39,2,1499.99,0.05
1212,4,68,2,449.99,0.07
1213,1,64,2,489.99,0.07
1213,2,78,1,647.99,0.07
1213,3,102,2,489.99,0.1
1213,4,15,1,529.99,0.05
1214,1,9,2,2999.99,0.05
1214,2,7,1,3999.99,0.2
1214,3,22,1,269.99,0.05
1214,4,77,2,799.99,0.1
1214,5,67,2,250.99,0.2
1215,1,73,2,749.99,0.1
1215,2,10,2,1549,0.07
1216,1,64,2,489.99,0.1
1216,2,54,1,3199.99,0.05
1216,3,19,1,449,0.2
1216,4,110,2,470.99,0.07
1216,5,43,1,5299.99,0.1
1217,1,73,1,749.99,0.05
1217,2,106,2,449.99,0.05
1218,1,32,1,469.99,0.07
1218,2,102,2,489.99,0.05
1219,1,17,2,429,0.07
1219,2,62,2,3499.99,0.1
1219,3,40,2,4999.99,0.2
1220,1,47,2,5299.99,0.1
1220,2,49,1,3499.99,0.2
1220,3,85,2,329.99,0.2
1221,1,100,1,489.99,0.05
1221,2,81,2,1099.99,0.05
1221,3,42,2,2299.99,0.1
1221,4,38,2,549.99,0.1
1221,5,97,2,349.99,0.07
1222,1,97,1,349.99,0.2
1223,1,103,1,551.99,0.05
1224,1,62,1,3499.99,0.07
1224,2,51,1,6499.99,0.1
1224,3,108,1,449.99,0.05
1224,4,32,1,469.99,0.2
1225,1,81,1,1099.99,0.1
1225,2,59,2,2599.99,0.1
1225,3,6,2,469.99,0.1
1226,1,77,2,799.99,0.05
1226,2,101,1,339.99,0.2
1226,3,11,2,1680.99,0.07
1226,4,51,1,6499.99,0.07
1226,5,42,1,2299.99,0.1
1227,1,90,2,209.99,0.2
1227,2,44,1,539.99,0.07
1227,3,26,1,599.99,0.05
1227,4,8,1,1799.99,0.07
1227,5,42,2,2299.99,0.2
1228,1,92,1,209.99,0.2
1228,2,55,2,2699.99,0.2
1228,3,20,2,599.99,0.05
1229,1,36,2,832.99,0.07
1229,2,61,2,4999.99,0.1
1230,1,32,2,469.99,0.1
1230,2,38,2,549.99,0.07
1231,1,75,2,599.99,0.05
1231,2,70,1,659.99,0.07
1232,1,4,2,2899.99,0.07
1232,2,110,2,470.99,0.05
1232,3,6,2,469.99,0.2
1233,1,87,2,189.99,0.2
1233,2,61,2,4999.99,0.1
1233,3,55,1,2699.99,0.2
1234,1,56,2,5499.99,0.07
1234,2,71,2,416.99,0.07
1235,1,7,1,3999.99,0.1
1236,1,60,1,1559.99,0.07
1236,2,32,2,469.99,0.05
1236,3,91,1,349.99,0.1
1237,1,23,1,299.99,0.1
1237,2,87,2,189.99,0.1
1237,3,95,2,299.99,0.2
1237,4,55,2,2699.99,0.07
1237,5,25,1,499.99,0.07
1238,1,40,1,4999.99,0.1
1238,2,14,1,269.99,0.1
1238,3,99,2,299.99,0.2
1238,4,101,1,339.99,0.1
1239,1,15,2,529.99,0.2
1239,2,91,1,349.99,0.1
1239,3,34,2,469.99,0.1
1239,4,36,1,832.99,0.05
1240,1,107,2,416.99,0.1
1240,2,23,2,299.99,0.05
1240,3,15,2,529.99,0.2
1240,4,77,2,799.99,0.05
1240,5,57,1,1999.99,0.05
1241,1,74,1,439.99,0.05
1241,2,71,2,416.99,0.05
1242,1,94,1,249.99,0.05
1242,2,27,1,999.99,0.07
1242,3,10,1,1549,0.07
1242,4,70,1,659.99,0.2
1243,1,44,1,539.99,0.07
1244,1,45,1,869.99,0.2
1244,2,38,2,549.99,0.07
1244,3,33,1,469.99,0.07
1244,4,37,2,379.99,0.1
1245,1,13,1,269.99,0.1
1246,1,78,2,647.99,0.2
1246,2,46,1,1409.99,0.05
1246,3,45,2,869.99,0.07
1247,1,15,2,529.99,0.1
1247,2,28,2,2499.99,0.1
1247,3,26,1,599.99,0.05
1248,1,94,2,249.99,0.05
1248,2,33,2,469.99,0.1
1248,3,92,1,209.99,0.1
1248,4,12,1,549.99,0.05
1249,1,62,1,3499.99,0.05
1249,2,104,1,481.99,0.05
1249,3,61,1,4999.99,0.2
1250,1,78,2,647.99,0.05
1250,2,66,2,250.99,0.1
1250,3,20,2,599.99,0.05
1250,4,6,2,469.99,0.1
1251,1,40,2,4999.99,0.1
1251,2,56,1,5499.99,0.07
1251,3,7,1,3999.99,0.07
1252,1,79,1,402.99,0.2
1252,2,84,1,109.99,0.2
1252,3,57,2,1999.99,0.05
1253,1,25,2,499.99,0.1
1253,2,21,1,269.99,0.07
1253,3,88,1,189.99,0.2
1254,1,80,1,761.99,0.2
1254,2,91,1,349.99,0.2
1255,1,43,2,5299.99,0.2
1255,2,53,1,749.99,0.05
1255,3,14,2,269.99,0.2
1255,4,26,2,599.99,0.05
1255,5,82,1,659.99,0.05
1256,1,44,2,539.99,0.2
1256,2,100,1,489.99,0.1
1257,1,30,2,999.99,0.05
1257,2,61,1,4999.99,0.05
1257,3,17,2,429,0.1
1257,4,41,1,1469.99,0.05
1257,5,4,1,2899.99,0.1
1258,1,94,2,249.99,0.1
1258,2,99,2,299.99,0.05
1259,1,60,1,1559.99,0.1
1259,2,19,1,449,0.2
1260,1,8,1,1799.99,0.1
1260,2,66,1,250.99,0.1
1261,1,73,1,749.99,0.2
1261,2,88,2,189.99,0.2
1261,3,100,1,489.99,0.05
1261,4,42,1,2299.99,0.1
1262,1,37,1,379.99,0.07
1262,2,52,1,875.99,0.05
1262,3,43,2,5299.99,0.07
1262,4,77,1,799.99,0.07
1263,1,45,1,869.99,0.2
1263,2,62,1,3499.99,0.05
1263,3,19,2,449,0.1
1264,1,101,1,339.99,0.07
1264,2,77,2,799.99,0.07
1264,3,29,2,999.99,0.2
1264,4,52,1,875.99,0.05
1265,1,41,2,1469.99,0.1
1265,2,72,2,619.99,0.07
1266,1,90,1,209.99,0.2
1266,2,48,1,1499.99,0.2
1267,1,45,1,869.99,0.1
1267,2,27,1,999.99,0.07
1267,3,108,1,449.99,0.2
1267,4,95,1,299.99,0.05
1268,1,68,2,449.99,0.07
1268,2,87,2,189.99,0.07
1268,3,59,2,2599.99,0.2
1268,4,100,1,489.99,0.07
1269,1,4,2,2899.99,0.2
1269,2,7,1,3999.99,0.2
1269,3,111,1,470.99,0.1
1270,1,54,1,3199.99,0.2
1271,1,25,2,499.99,0.1
1271,2,50,2,5999.99,0.07
1271,3,87,2,189.99,0.07
1271,4,32,2,469.99,0.07
1272,1,16,2,599.99,0.2
1272,2,71,2,416.99,0.1
1272,3,86,1,149.99,0.07
1273,1,95,2,299.99,0.07
1273,2,20,1,599.99,0.07
1273,3,58,1,4999.99,0.2
1274,1,81,1,1099.99,0.1
1275,1,58,1,4999.99,0.07
1275,2,30,1,999.99,0.1
1276,1,18,2,449,0.2
1276,2,58,1,4999.99,0.2
1276,3,42,1,2299.99,0.05
1276,4,24,2,549.99,0.2
1276,5,78,2,647.99,0.2
1277,1,56,2,5499.99,0.2
1277,2,93,2,209.99,0.05
1277,3,9,2,2999.99,0.1
1277,4,4,1,2899.99,0.1
1277,5,11,1,1680.99,0.2
1278,1,103,2,551.99,0.1
1278,2,32,1,469.99,0.1
1279,1,9,2,2999.99,0.05
1280,1,72,2,619.99,0.07
1280,2,74,1,439.99,0.05
1280,3,52,1,875.99,0.07
1280,4,63,1,3499.99,0.2
1281,1,36,1,832.99,0.05
1281,2,49,2,3499.99,0.05
1281,3,75,1,599.99,0.05
1282,1,111,1,470.99,0.05
1282,2,50,2,5999.99,0.2
1283,1,61,2,4999.99,0.05
1283,2,81,1,1099.99,0.2
1283,3,7,1,3999.99,0.1
1283,4,32,1,469.99,0.1
1283,5,11,1,1680.99,0.2
1284,1,101,1,339.99,0.07
1284,2,8,1,1799.99,0.05
1284,3,4,2,2899.99,0.05
1285,1,78,2,647.99,0.07
1285,2,93,1,209.99,0.1
1285,3,69,2,416.99,0.2
1285,4,6,1,469.99,0.1
1286,1,109,2,416.99,0.2
1286,2,81,2,1099.99,0.07
1286,3,87,1,189.99,0.07
1287,1,27,2,999.99,0.2
1287,2,62,2,3499.99,0.1
1287,3,103,1,551.99,0.1
1287,4,100,2,489.99,0.05
1288,1,73,1,749.99,0.2
1288,2,64,2,489.99,0.2
1288,3,62,2,3499.99,0.1
1288,4,17,2,429,0.07
1289,1,89,1,209.99,0.05
1289,2,3,1,999.99,0.1
1290,1,75,2,599.99,0.05
1290,2,36,1,832.99,0.05
1290,3,92,2,209.99,0.1
1291,1,57,1,1999.99,0.1
1291,2,58,2,4999.99,0.05
1292,1,70,1,659.99,0.07
1293,1,88,2,189.99,0.1
1293,2,74,2,439.99,0.05
1293,3,38,2,549.99,0.07
1294,1,95,2,299.99,0.05
1294,2,44,1,539.99,0.05
1295,1,5,2,1320.99,0.2
1295,2,61,1,4999.99,0.2
1295,3,52,1,875.99,0.05
1296,1,25,2,499.99,0.05
1296,2,90,1,209.99,0.1
1296,3,16,1,599.99,0.05
1296,4,2,2,749.99,0.1
1297,1,104,2,481.99,0.07
1297,2,43,1,5299.99,0.05
1297,3,51,2,6499.99,0.05
1298,1,59,1,2599.99,0.05
1298,2,110,2,470.99,0.07
1299,1,14,2,269.99,0.1
1299,2,101,1,339.99,0.05
1299,3,75,1,599.99,0.05
1299,4,52,2,875.99,0.2
1300,1,101,2,339.99,0.07
1300,2,58,2,4999.99,0.05
1301,1,45,2,869.99,0.2
1301,2,105,2,533.99,0.1
1301,3,8,1,1799.99,0.2
1302,1,38,1,549.99,0.05
1302,2,20,2,599.99,0.1
1302,3,56,2,5499.99,0.07
1303,1,96,1,349.99,0.1
1303,2,63,2,3499.99,0.2
1303,3,108,1,449.99,0.1
1303,4,73,1,749.99,0.1
1303,5,24,2,549.99,0.1
1304,1,80,1,761.99,0.05
1304,2,99,2,299.99,0.05
1304,3,102,1,489.99,0.2
1304,4,17,1,429,0.05
1305,1,85,1,329.99,0.2
1305,2,9,1,2999.99,0.07
1305,3,11,1,1680.99,0.05
1305,4,91,2,349.99,0.05
1306,1,103,2,551.99,0.05
1306,2,81,2,1099.99,0.07
1306,3,45,1,869.99,0.2
1306,4,42,1,2299.99,0.2
1306,5,9,2,2999.99,0.07
1307,1,96,2,349.99,0.07
1307,2,53,2,749.99,0.2
1307,3,69,2,416.99,0.2
1308,1,54,1,3199.99,0.05
1308,2,69,1,416.99,0.2
1308,3,14,2,269.99,0.07
1308,4,56,1,5499.99,0.2
1308,5,32,1,469.99,0.07
1309,1,65,1,346.99,0.05
1309,2,87,2,189.99,0.2
1310,1,59,1,2599.99,0.2
1310,2,77,2,799.99,0.2
1310,3,11,2,1680.99,0.1
1310,4,54,1,3199.99,0.2
1311,1,69,1,416.99,0.1
1311,2,45,2,869.99,0.07
1311,3,27,2,999.99,0.1
1311,4,42,1,2299.99,0.1
1312,1,67,2,250.99,0.05
1312,2,14,1,269.99,0.2
1312,3,20,1,599.99,0.07
1313,1,75,1,599.99,0.2
1313,2,33,1,469.99,0.2
1313,3,69,1,416.99,0.07
1314,1,52,1,875.99,0.07
1314,2,72,2,619.99,0.05
1314,3,94,1,249.99,0.1
1315,1,104,2,481.99,0.07
1315,2,41,1,1469.99,0.05
1315,3,24,1,549.99,0.1
1315,4,26,1,599.99,0.07
1315,5,16,2,599.99,0.2
1316,1,76,2,299.99,0.1
1316,2,90,1,209.99,0.1
1317,1,82,1,659.99,0.1
1318,1,82,2,659.99,0.2
1318,2,62,2,3499.99,0.2
1318,3,111,1,470.99,0.2
1318,4,92,1,209.99,0.07
1319,1,75,1,599.99,0.07
1319,2,91,1,349.99,0.2
1320,1,104,1,481.99,0.1
1320,2,93,1,209.99,0.05
1320,3,99,2,299.99,0.2
1321,1,34,1,469.99,0.1
1321,2,107,1,416.99,0.1
1321,3,11,2,1680.99,0.1
1322,1,28,2,2499.99,0.05
1322,2,104,2,481.99,0.05
1323,1,27,2,999.99,0.07
1323,2,20,1,599.99,0.05
1323,3,70,1,659.99,0.05
1324,1,66,1,250.99,0.1
1324,2,120,2,2499.99,0.2
1324,3,235,1,899.99,0.1
1324,4,3,1,999.99,0.2
1325,1,139,1,2999.99,0.05
1325,2,257,1,899.99,0.05
1325,3,209,1,2999.99,0.1
1325,4,28,1,2499.99,0.07
1326,1,190,2,2799.99,0.07
1326,2,269,2,199.99,0.07
1327,1,151,2,1549.99,0.07
1327,2,235,2,899.99,0.1
1327,3,48,2,1499.99,0.1
1327,4,180,1,919.99,0.2
1328,1,241,1,749.99,0.07
1328,2,129,2,919.99,0.1
1328,3,228,1,319.99,0.07
1328,4,311,1,749.99,0.1
1328,5,247,1,599.99,0.1
1329,1,143,1,1099.99,0.07
1329,2,107,1,416.99,0.05
1329,3,55,1,2699.99,0.07
1329,4,283,2,319.99,0.2
1329,5,13,1,269.99,0.1
1330,1,232,1,479.99,0.2
1330,2,243,2,679.99,0.05
1330,3,230,2,429.99,0.2
1330,4,102,2,489.99,0.05
1330,5,282,1,279.99,0.1
1331,1,253,1,2599.99,0.05
1331,2,290,1,369.99,0.05
1331,3,145,2,1799.99,0.1
1331,4,300,1,799.99,0.2
1332,1,296,1,369.99,0.2
1332,2,93,2,209.99,0.05
1332,3,179,2,919.99,0.07
1332,4,298,1,279.99,0.1
1333,1,205,2,4999.99,0.05
1333,2,304,2,679.99,0.1
1333,3,99,2,299.99,0.1
1333,4,12,1,549.99,0.05
1333,5,78,1,647.99,0.1
1334,1,203,2,4999.99,0.05
1334,2,160,2,4499.99,0.07
1334,3,84,2,109.99,0.1
1334,4,13,1,269.99,0.05
1334,5,42,1,2299.99,0.05
1335,1,138,2,2249.99,0.05
1336,1,29,2,999.99,0.2
1336,2,157,1,6499.99,0.05
1336,3,21,2,269.99,0.07
1336,4,207,1,3999.99,0.1
1336,5,185,1,2799.99,0.1
1337,1,153,1,4999.99,0.1
1338,1,169,2,6499.99,0.07
1339,1,175,1,3199.99,0.07
1340,1,253,1,2599.99,0.2
1340,2,92,2,209.99,0.2
1340,3,237,2,849.99,0.05
1341,1,215,2,749.99,0.07
1341,2,56,2,5499.99,0.2
1341,3,234,2,899.99,0.05
1341,4,66,2,250.99,0.05
1342,1,60,1,1559.99,0.05
1342,2,270,1,209.99,0.05
1343,1,244,1,559.99,0.05
1343,2,99,1,299.99,0.05
1343,3,184,2,3499.99,0.2
1343,4,65,2,346.99,0.2
1343,5,206,1,3299.99,0.1
1344,1,77,2,799.99,0.07
1344,2,103,2,551.99,0.2
1344,3,3,1,999.99,0.07
1344,4,61,1,4999.99,0.07
1345,1,40,2,4999.99,0.2
1345,2,172,2,3199.99,0.05
1345,3,164,2,1549,0.2
1345,4,2,2,749.99,0.2
1346,1,134,2,1499.99,0.05
1346,2,150,1,4499.99,0.05
1346,3,18,2,449,0.05
1346,4,249,1,749.99,0.1
1346,5,263,2,89.99,0.2
1347,1,43,2,5299.99,0.07
1347,2,53,1,749.99,0.05
1348,1,203,1,4999.99,0.05
1348,2,148,1,5499.99,0.05
1348,3,58,2,4999.99,0.1
1348,4,147,1,1799.99,0.07
1349,1,138,2,2249.99,0.05
1349,2,205,2,4999.99,0.07
1349,3,168,2,1549,0.2
1349,4,184,1,3499.99,0.2
1350,1,305,1,749.99,0.1
1350,2,250,1,2599.99,0.07
1350,3,253,1,2599.99,0.07
1350,4,159,1,2299.99,0.05
1350,5,13,2,269.99,0.2
1351,1,297,2,279.99,0.2
1351,2,133,1,1499.99,0.1
1352,1,136,1,1799.99,0.2
1352,2,52,2,875.99,0.1
1352,3,282,2,279.99,0.1
1352,4,86,2,149.99,0.2
1352,5,100,1,489.99,0.05
1353,1,107,2,416.99,0.05
1353,2,233,1,639.99,0.07
1353,3,300,1,799.99,0.2
1353,4,86,2,149.99,0.05
1354,1,166,2,749.99,0.07
1355,1,297,1,279.99,0.1
1355,2,253,1,2599.99,0.07
1355,3,149,1,7499.99,0.2
1355,4,313,2,449.99,0.1
1356,1,192,1,2599.99,0.05
1356,2,199,2,2999.99,0.1
1356,3,276,2,319.99,0.1
1357,1,145,2,1799.99,0.2
1357,2,60,1,1559.99,0.2
1357,3,130,1,919.99,0.2
1358,1,257,2,899.99,0.2
1359,1,282,1,279.99,0.05
1359,2,82,1,659.99,0.05
1360,1,31,1,1632.99,0.05
1361,1,307,2,749.99,0.07
1361,2,153,1,4999.99,0.05
1361,3,163,2,1349,0.2
1362,1,27,2,999.99,0.2
1362,2,204,2,3599.99,0.07
1362,3,4,2,2899.99,0.2
1363,1,66,2,250.99,0.1
1364,1,78,1,647.99,0.07
1364,2,155,2,11999.99,0.1
1364,3,152,1,2499.99,0.1
1364,4,110,1,470.99,0.07
1365,1,144,1,1549.99,0.07
1365,2,58,1,4999.99,0.07
1365,3,236,1,749.99,0.05
1366,1,115,1,3199.99,0.1
1366,2,128,2,1899,0.2
1366,3,200,1,3499.99,0.07
1367,1,132,1,1499.99,0.1
1367,2,131,2,2599,0.2
1367,3,124,1,1499,0.07
1367,4,24,2,549.99,0.05
1368,1,66,1,250.99,0.1
1368,2,113,2,489.99,0.07
1368,3,186,1,4499.99,0.2
1369,1,213,2,269.99,0.05
1370,1,7,1,3999.99,0.07
1370,2,89,2,209.99,0.1
1370,3,208,2,1799.99,0.2
1370,4,134,1,1499.99,0.1
1371,1,223,2,529.99,0.07
1371,2,8,2,1799.99,0.2
1372,1,307,1,749.99,0.07
1372,2,283,2,319.99,0.2
1373,1,63,1,3499.99,0.1
1374,1,181,2,2199.99,0.05
1374,2,130,2,919.99,0.07
1375,1,147,2,1799.99,0.05
1375,2,182,1,2499.99,0.2
1376,1,5,1,1320.99,0.07
1377,1,153,2,4999.99,0.05
1377,2,130,1,919.99,0.05
1377,3,48,1,1499.99,0.07
1377,4,188,2,3499.99,0.07
1378,1,96,2,349.99,0.07
1378,2,142,2,3199.99,0.07
1378,3,2,2,749.99,0.2
1378,4,110,1,470.99,0.07
1378,5,129,2,919.99,0.2
1379,1,15,1,529.99,0.1
1379,2,118,1,999.99,0.1
1379,3,263,2,89.99,0.1
1380,1,255,2,899.99,0.1
1380,2,229,2,429.99,0.07
1381,1,274,2,229.99,0.2
1381,2,214,2,899.99,0.1
1382,1,232,1,479.99,0.2
1382,2,81,2,1099.99,0.05
1382,3,225,1,959.99,0.1
1382,4,135,1,1499.99,0.07
1382,5,238,1,749.99,0.2
1383,1,188,2,3499.99,0.2
1383,2,65,2,346.99,0.05
1384,1,32,1,469.99,0.07
1384,2,142,2,3199.99,0.1
1384,3,89,1,209.99,0.1
1384,4,97,1,349.99,0.05
1385,1,24,2,549.99,0.05
1385,2,145,1,1799.99,0.07
1385,3,39,2,1499.99,0.1
1385,4,135,1,1499.99,0.05
1386,1,292,1,369.99,0.2
1386,2,262,1,249.99,0.1
1386,3,306,1,899.99,0.1
1386,4,150,1,4499.99,0.07
1387,1,106,1,449.99,0.1
1388,1,251,1,2999.99,0.1
1389,1,85,2,329.99,0.1
1389,2,171,2,3199.99,0.05
1389,3,227,1,319.99,0.07
1390,1,41,2,1469.99,0.05
1390,2,27,2,999.99,0.05
1390,3,306,1,899.99,0.1
1390,4,104,1,481.99,0.05
1390,5,147,2,1799.99,0.1
1391,1,223,2,529.99,0.07
1391,2,295,2,319.99,0.2
1391,3,277,1,369.99,0.2
1392,1,87,2,189.99,0.2
1392,2,240,2,899.99,0.05
1393,1,92,1,209.99,0.07
1393,2,82,1,659.99,0.07
1393,3,47,2,5299.99,0.05
1393,4,268,2,159.99,0.05
1394,1,165,2,2499.99,0.05
1395,1,204,1,3599.99,0.2
1395,2,48,2,1499.99,0.1
1395,3,180,2,919.99,0.2
1395,4,226,1,679.99,0.1
1396,1,57,1,1999.99,0.05
1396,2,181,1,2199.99,0.2
1397,1,127,2,469.99,0.1
1397,2,139,1,2999.99,0.07
1397,3,7,1,3999.99,0.05
1397,4,249,1,749.99,0.05
1397,5,78,2,647.99,0.1
1398,1,69,2,416.99,0.05
1398,2,53,1,749.99,0.2
1399,1,210,2,1549,0.2
1399,2,224,1,479.99,0.05
1399,3,127,2,469.99,0.07
1399,4,28,1,2499.99,0.05
1400,1,24,2,549.99,0.2
1400,2,217,2,909.99,0.2
1400,3,275,1,229.99,0.1
1400,4,90,1,209.99,0.07
1401,1,112,1,379.99,0.07
1401,2,230,1,429.99,0.05
1401,3,254,2,749.99,0.2
1402,1,189,2,2799.99,0.2
1402,2,28,2,2499.99,0.05
1402,3,203,1,4999.99,0.05
1402,4,273,1,289.99,0.07
1403,1,93,2,209.99,0.1
1404,1,112,2,379.99,0.05
1404,2,220,1,269.99,0.1
1404,3,193,2,2799.99,0.2
1405,1,162,2,2999.99,0.1
1406,1,230,2,429.99,0.05
1406,2,113,1,489.99,0.1
1407,1,300,1,799.99,0.05
1407,2,36,2,832.99,0.1
1407,3,266,1,399.99,0.1
1407,4,35,1,832.99,0.2
1408,1,23,2,299.99,0.2
1408,2,166,1,749.99,0.2
1408,3,114,1,579.99,0.07
1408,4,137,2,2599,0.2
1409,1,301,2,899.99,0.07
1409,2,170,1,1299.99,0.07
1409,3,171,2,3199.99,0.05
1409,4,265,1,289.99,0.05
1409,5,222,1,269.99,0.1
1410,1,205,2,4999.99,0.1
1410,2,203,2,4999.99,0.2
1410,3,304,1,679.99,0.1
1411,1,9,1,2999.99,0.1
1411,2,308,2,749.99,0.2
1412,1,180,2,919.99,0.07
1412,2,43,1,5299.99,0.1
1412,3,109,2,416.99,0.07
1413,1,297,2,279.99,0.05
1414,1,162,2,2999.99,0.1
1414,2,292,2,369.99,0.05
1415,1,31,2,1632.99,0.07
1415,2,17,1,429,0.05
1415,3,264,2,249.99,0.1
1415,4,245,1,659.99,0.05
1416,1,194,1,3499.99,0.2
1416,2,242,2,699.99,0.1
1416,3,92,2,209.99,0.05
1417,1,219,2,639.99,0.2
1418,1,120,2,2499.99,0.2
1418,2,243,2,679.99,0.05
1419,1,124,1,1499,0.07
1419,2,235,2,899.99,0.2
1419,3,234,1,899.99,0.1
1420,1,197,1,2299.99,0.2
1420,2,194,2,3499.99,0.1
1420,3,128,1,1899,0.1
1421,1,298,2,279.99,0.05
1422,1,80,2,761.99,0.07
1422,2,180,2,919.99,0.2
1422,3,243,1,679.99,0.05
1423,1,249,1,749.99,0.2
1423,2,71,1,416.99,0.1
1423,3,302,1,449.99,0.2
1423,4,113,2,489.99,0.2
1424,1,140,2,4999.99,0.2
1425,1,227,2,319.99,0.05
1425,2,263,1,89.99,0.07
1425,3,93,1,209.99,0.07
1425,4,54,2,3199.99,0.05
1425,5,145,2,1799.99,0.07
1426,1,215,1,749.99,0.07
1426,2,20,2,599.99,0.05
1426,3,281,1,319.99,0.07
1427,1,230,2,429.99,0.07
1427,2,139,1,2999.99,0.05
1427,3,164,2,1549,0.07
1428,1,216,2,899.99,0.2
1428,2,126,1,469.99,0.07
1428,3,187,2,2799.99,0.07
1428,4,28,1,2499.99,0.1
1428,5,194,2,3499.99,0.2
1429,1,70,2,659.99,0.2
1430,1,221,1,319.99,0.05
1430,2,281,1,319.99,0.07
1431,1,207,1,3999.99,0.1
1431,2,53,1,749.99,0.07
1431,3,252,1,2999.99,0.2
1431,4,254,1,749.99,0.07
1432,1,161,1,1899,0.2
1433,1,264,1,249.99,0.07
1434,1,229,2,429.99,0.2
1434,2,198,1,2999.99,0.1
1434,3,286,2,279.99,0.1
1434,4,61,2,4999.99,0.07
1435,1,141,2,1599.99,0.07
1435,2,29,1,999.99,0.2
1435,3,60,1,1559.99,0.1
1435,4,260,1,799.99,0.07
1436,1,244,2,559.99,0.07
1437,1,141,2,1599.99,0.05
1438,1,225,1,959.99,0.2
1438,2,140,1,4999.99,0.2
1438,3,81,2,1099.99,0.05
1438,4,137,1,2599,0.1
1438,5,190,2,2799.99,0.07
1439,1,42,1,2299.99,0.07
1439,2,263,1,89.99,0.2
1439,3,102,2,489.99,0.05
1439,4,149,1,7499.99,0.05
1440,1,116,2,749.99,0.07
1440,2,109,1,416.99,0.07
1440,3,186,1,4499.99,0.1
1440,4,178,2,749.99,0.05
1440,5,67,2,250.99,0.2
1441,1,6,1,469.99,0.05
1441,2,242,2,699.99,0.2
1441,3,46,1,1409.99,0.07
1442,1,160,1,4499.99,0.1
1442,2,220,1,269.99,0.07
1442,3,271,2,209.99,0.05
1443,1,160,1,4499.99,0.07
1443,2,57,1,1999.99,0.2
1443,3,101,2,339.99,0.1
1444,1,90,1,209.99,0.1
1444,2,128,2,1899,0.2
1445,1,219,2,639.99,0.1
1445,2,52,1,875.99,0.07
1445,3,123,2,999.99,0.1
1446,1,227,1,319.99,0.05
1446,2,233,2,639.99,0.05
1446,3,234,2,899.99,0.05
1447,1,148,1,5499.99,0.2
1448,1,239,1,749.99,0.1
1449,1,159,1,2299.99,0.07
1449,2,55,1,2699.99,0.2
1449,3,260,2,799.99,0.07
1449,4,252,2,2999.99,0.05
1449,5,14,2,269.99,0.1
1450,1,98,1,489.99,0.07
1450,2,173,2,3199.99,0.1
1450,3,299,1,559.99,0.2
1450,4,209,2,2999.99,0.1
1450,5,235,2,899.99,0.05
1451,1,117,1,1469.99,0.05
1452,1,99,2,299.99,0.1
1452,2,234,1,899.99,0.2
1452,3,86,2,149.99,0.05
1452,4,109,2,416.99,0.07
1453,1,89,2,209.99,0.1
1454,1,283,1,319.99,0.07
1454,2,35,2,832.99,0.1
1454,3,124,1,1499,0.2
1454,4,38,2,549.99,0.05
1455,1,101,2,339.99,0.05
1455,2,254,1,749.99,0.2
1456,1,193,2,2799.99,0.05
1456,2,246,1,639.99,0.07
1456,3,268,2,159.99,0.1
1456,4,272,1,289.99,0.1
1456,5,126,1,469.99,0.1
1457,1,113,1,489.99,0.07
1457,2,111,1,470.99,0.2
1457,3,268,1,159.99,0.2
1457,4,152,2,2499.99,0.2
1458,1,295,2,319.99,0.05
1458,2,105,1,533.99,0.05
1458,3,12,1,549.99,0.05
1458,4,78,2,647.99,0.1
1459,1,258,1,1259.9,0.1
1460,1,201,1,4499.99,0.05
1460,2,76,1,299.99,0.07
1460,3,167,1,749.99,0.05
1460,4,7,2,3999.99,0.07
1460,5,123,2,999.99,0.07
1461,1,48,1,1499.99,0.2
1461,2,242,2,699.99,0.2
1462,1,263,1,89.99,0.2
1462,2,25,1,499.99,0.07
1462,3,223,1,529.99,0.1
1462,4,294,1,369.99,0.1
1462,5,251,1,2999.99,0.05
1463,1,51,2,6499.99,0.05
1463,2,168,1,1549,0.05
1464,1,109,2,416.99,0.05
1464,2,124,1,1499,0.2
1464,3,165,2,2499.99,0.2
1464,4,151,2,1549.99,0.05
1465,1,70,2,659.99,0.05
1466,1,310,2,899.99,0.07
1466,2,251,1,2999.99,0.05
1466,3,163,2,1349,0.2
1466,4,39,2,1499.99,0.05
1467,1,18,1,449,0.07
1467,2,115,1,3199.99,0.2
1467,3,278,2,369.99,0.1
1468,1,269,1,199.99,0.05
1468,2,58,1,4999.99,0.07
1468,3,50,2,5999.99,0.07
1469,1,77,2,799.99,0.2
1469,2,237,2,849.99,0.05
1469,3,182,1,2499.99,0.07
1469,4,100,2,489.99,0.05
1470,1,110,2,470.99,0.1
1470,2,287,1,279.99,0.05
1470,3,252,2,2999.99,0.05
1471,1,59,2,2599.99,0.2
1471,2,136,1,1799.99,0.07
1472,1,84,1,109.99,0.2
1472,2,300,1,799.99,0.2
1473,1,84,2,109.99,0.2
1473,2,102,1,489.99,0.07
1474,1,301,1,899.99,0.2
1474,2,123,1,999.99,0.05
1475,1,306,2,899.99,0.05
1475,2,261,2,899.99,0.07
1475,3,161,2,1899,0.05
1475,4,248,2,599.99,0.2
1476,1,142,2,3199.99,0.07
1476,2,91,2,349.99,0.07
1476,3,43,1,5299.99,0.07
1476,4,191,1,2799.99,0.1
1476,5,265,2,289.99,0.1
1477,1,210,2,1549,0.2
1478,1,100,2,489.99,0.1
1478,2,123,1,999.99,0.2
1479,1,252,1,2999.99,0.05
1479,2,256,1,899.99,0.1
1480,1,308,2,749.99,0.1
1480,2,82,2,659.99,0.1
1480,3,92,2,209.99,0.07
1480,4,225,2,959.99,0.07
1481,1,53,2,749.99,0.07
1481,2,130,1,919.99,0.1
1482,1,48,1,1499.99,0.1
1482,2,113,1,489.99,0.05
1482,3,58,2,4999.99,0.07
1482,4,40,1,4999.99,0.05
1482,5,205,2,4999.99,0.05
1483,1,280,1,489.99,0.05
1483,2,226,2,679.99,0.07
1484,1,295,2,319.99,0.07
1484,2,49,2,3499.99,0.2
1484,3,304,2,679.99,0.05
1485,1,122,2,2499.99,0.2
1485,2,276,1,319.99,0.2
1486,1,60,2,1559.99,0.05
1486,2,98,1,489.99,0.05
1486,3,113,1,489.99,0.1
1486,4,269,1,199.99,0.1
1487,1,160,1,4499.99,0.07
1487,2,151,2,1549.99,0.2
1487,3,198,1,2999.99,0.05
1487,4,196,1,2299.99,0.05
1487,5,96,2,349.99,0.2
1488,1,42,1,2299.99,0.07
1488,2,122,1,2499.99,0.07
1489,1,198,1,2999.99,0.2
1489,2,282,2,279.99,0.2
1489,3,52,1,875.99,0.1
1490,1,99,1,299.99,0.1
1490,2,254,1,749.99,0.1
1490,3,218,1,319.99,0.05
1491,1,95,2,299.99,0.2
1491,2,302,1,449.99,0.05
1491,3,60,2,1559.99,0.07
1491,4,139,2,2999.99,0.07
1492,1,37,2,379.99,0.1
1493,1,230,1,429.99,0.1
1494,1,230,2,429.99,0.1
1494,2,178,2,749.99,0.2
1494,3,264,2,249.99,0.05
1495,1,292,2,369.99,0.05
1495,2,308,2,749.99,0.2
1495,3,137,1,2599,0.1
1496,1,248,1,599.99,0.07
1496,2,214,1,899.99,0.07
1496,3,224,2,479.99,0.05
1496,4,302,1,449.99,0.05
1496,5,225,2,959.99,0.2
1497,1,141,2,1599.99,0.2
1497,2,198,2,2999.99,0.1
1497,3,204,2,3599.99,0.07
1498,1,172,1,3199.99,0.05
1498,2,260,2,799.99,0.07
1499,1,110,1,470.99,0.05
1499,2,208,1,1799.99,0.07
1499,3,268,2,159.99,0.05
1499,4,2,1,749.99,0.05
1499,5,171,2,3199.99,0.1
1500,1,41,2,1469.99,0.07
1500,2,293,1,319.99,0.07
1501,1,248,1,599.99,0.05
1501,2,219,1,639.99,0.07
1501,3,15,1,529.99,0.05
1501,4,67,1,250.99,0.2
1501,5,210,1,1549,0.05
1502,1,231,2,529.99,0.2
1502,2,19,2,449,0.07
1502,3,26,2,599.99,0.07
1502,4,268,1,159.99,0.2
1502,5,255,1,899.99,0.07
1503,1,217,1,909.99,0.1
1503,2,302,2,449.99,0.05
1504,1,276,1,319.99,0.07
1505,1,223,2,529.99,0.05
1505,2,24,2,549.99,0.07
1505,3,43,2,5299.99,0.05
1506,1,184,1,3499.99,0.05
1506,2,153,2,4999.99,0.2
1506,3,149,2,7499.99,0.05
1507,1,39,2,1499.99,0.2
1507,2,11,2,1680.99,0.1
1507,3,259,1,1199.99,0.07
1507,4,281,1,319.99,0.07
1507,5,293,2,319.99,0.05
1508,1,37,1,379.99,0.2
1508,2,109,1,416.99,0.1
1508,3,52,2,875.99,0.05
1508,4,88,1,189.99,0.05
1509,1,215,2,749.99,0.07
1510,1,142,2,3199.99,0.05
1510,2,68,1,449.99,0.1
1510,3,251,2,2999.99,0.1
1510,4,220,2,269.99,0.1
1510,5,137,1,2599,0.05
1511,1,144,2,1549.99,0.2
1511,2,288,1,389.99,0.07
1511,3,17,2,429,0.07
1511,4,41,1,1469.99,0.05
1511,5,124,2,1499,0.2
1512,1,217,1,909.99,0.07
1513,1,166,1,749.99,0.1
1513,2,61,2,4999.99,0.05
1513,3,159,2,2299.99,0.05
1514,1,240,2,899.99,0.1
1514,2,203,2,4999.99,0.05
1515,1,27,2,999.99,0.2
1515,2,202,2,3499.99,0.1
1515,3,310,2,899.99,0.05
1515,4,40,1,4999.99,0.1
1515,5,158,2,959.99,0.2
1516,1,172,2,3199.99,0.1
1516,2,253,1,2599.99,0.1
1516,3,196,2,2299.99,0.2
1516,4,259,2,1199.99,0.2
1516,5,271,2,209.99,0.2
1517,1,303,2,2599.99,0.07
1517,2,226,2,679.99,0.05
1518,1,304,2,679.99,0.1
1518,2,182,2,2499.99,0.05
1518,3,252,2,2999.99,0.05
1519,1,150,1,4499.99,0.2
1519,2,85,2,329.99,0.2
1519,3,124,2,1499,0.07
1519,4,65,1,346.99,0.2
1519,5,265,2,289.99,0.05
1520,1,186,1,4499.99,0.05
1520,2,188,2,3499.99,0.2
1520,3,310,2,899.99,0.07
1520,4,263,2,89.99,0.1
1521,1,100,1,489.99,0.2
1521,2,314,2,679.99,0.2
1521,3,123,1,999.99,0.1
1521,4,135,2,1499.99,0.2
1522,1,95,1,299.99,0.1
1522,2,141,1,1599.99,0.07
1522,3,117,1,1469.99,0.07
1523,1,311,2,749.99,0.2
1524,1,168,1,1549,0.1
1524,2,295,2,319.99,0.2
1524,3,313,1,449.99,0.2
1524,4,252,2,2999.99,0.2
1525,1,156,1,6499.99,0.1
1525,2,163,2,1349,0.07
1525,3,193,1,2799.99,0.07
1526,1,151,1,1549.99,0.07
1526,2,56,1,5499.99,0.1
1526,3,238,1,749.99,0.1
1526,4,243,1,679.99,0.05
1527,1,33,1,469.99,0.1
1527,2,103,1,551.99,0.05
1527,3,57,2,1999.99,0.05
1528,1,229,2,429.99,0.2
1529,1,23,1,299.99,0.05
1529,2,50,2,5999.99,0.1
1530,1,213,2,269.99,0.1
1530,2,116,1,749.99,0.1
1531,1,128,1,1899,0.1
1532,1,209,2,2999.99,0.07
1533,1,274,2,229.99,0.1
1533,2,78,1,647.99,0.1
1533,3,96,1,349.99,0.1
1533,4,235,2,899.99,0.1
1533,5,51,1,6499.99,0.1
1534,1,194,1,3499.99,0.1
1534,2,117,1,1469.99,0.05
1534,3,269,2,199.99,0.2
1534,4,172,2,3199.99,0.2
1535,1,92,1,209.99,0.05
1535,2,75,2,599.99,0.05
1536,1,183,1,2199.99,0.2
1536,2,185,2,2799.99,0.07
1536,3,196,2,2299.99,0.2
1537,1,237,2,849.99,0.05
1538,1,206,1,3299.99,0.07
1538,2,46,2,1409.99,0.07
1538,3,117,1,1469.99,0.07
1538,4,197,1,2299.99,0.2
1538,5,306,2,899.99,0.05
1539,1,6,2,469.99,0.05
1539,2,12,2,549.99,0.05
1540,1,71,2,416.99,0.05
1540,2,236,1,749.99,0.07
1540,3,224,1,479.99,0.05
1540,4,177,2,5499.99,0.05
1540,5,78,1,647.99,0.2
1541,1,155,2,11999.99,0.1
1541,2,248,2,599.99,0.07
1541,3,142,2,3199.99,0.1
1541,4,17,1,429,0.1
1541,5,86,2,149.99,0.05
1542,1,79,1,402.99,0.2
1542,2,122,2,2499.99,0.05
1542,3,184,2,3499.99,0.2
1542,4,37,2,379.99,0.1
1542,5,297,1,279.99,0.2
1543,1,108,2,449.99,0.1
1543,2,93,1,209.99,0.2
1543,3,158,2,959.99,0.07
1543,4,97,2,349.99,0.05
1543,5,136,1,1799.99,0.2
1544,1,194,2,3499.99,0.1
1544,2,107,2,416.99,0.2
1545,1,45,1,869.99,0.1
1546,1,156,1,6499.99,0.1
1546,2,185,2,2799.99,0.1
1546,3,215,1,749.99,0.1
1546,4,25,1,499.99,0.05
1547,1,106,2,449.99,0.2
1547,2,204,1,3599.99,0.2
1548,1,32,1,469.99,0.1
1548,2,202,1,3499.99,0.07
1548,3,62,2,3499.99,0.2
1549,1,158,1,959.99,0.2
1549,2,119,1,469.99,0.05
1549,3,249,2,749.99,0.05
1549,4,242,2,699.99,0.1
1550,1,315,2,559.99,0.05
1550,2,245,1,659.99,0.07
1550,3,185,2,2799.99,0.1
1550,4,148,1,5499.99,0.07
1550,5,86,2,149.99,0.05
1551,1,207,2,3999.99,0.2
1552,1,197,1,2299.99,0.1
1552,2,41,2,1469.99,0.05
1553,1,102,1,489.99,0.07
1553,2,12,1,549.99,0.1
1553,3,251,1,2999.99,0.05
1553,4,89,1,209.99,0.05
1554,1,166,1,749.99,0.05
1554,2,285,1,279.99,0.2
1555,1,24,2,549.99,0.1
1555,2,156,1,6499.99,0.1
1555,3,126,1,469.99,0.1
1555,4,128,2,1899,0.05
1555,5,174,1,3199.99,0.2
1556,1,49,2,3499.99,0.2
1556,2,82,1,659.99,0.07
1556,3,265,1,289.99,0.1
1556,4,119,2,469.99,0.05
1556,5,235,2,899.99,0.1
1557,1,163,2,1349,0.07
1558,1,46,2,1409.99,0.07
1558,2,123,1,999.99,0.07
1558,3,4,1,2899.99,0.05
1558,4,55,1,2699.99,0.2
1558,5,253,1,2599.99,0.07
1559,1,101,2,339.99,0.07
1559,2,18,1,449,0.1
1559,3,54,2,3199.99,0.1
1559,4,221,1,319.99,0.1
1560,1,118,2,999.99,0.2
1560,2,41,1,1469.99,0.2
1561,1,181,2,2199.99,0.07
1561,2,297,2,279.99,0.05
1562,1,54,1,3199.99,0.2
1562,2,66,1,250.99,0.2
1562,3,115,2,3199.99,0.07
1563,1,188,1,3499.99,0.07
1564,1,309,1,899.99,0.07
1564,2,14,1,269.99,0.1
1565,1,37,1,379.99,0.07
1565,2,92,1,209.99,0.1
1565,3,261,1,899.99,0.1
1565,4,95,1,299.99,0.07
1565,5,226,2,679.99,0.2
1566,1,179,1,919.99,0.05
1566,2,61,2,4999.99,0.05
1567,1,279,1,319.99,0.2
1568,1,146,1,4999.99,0.2
1568,2,105,1,533.99,0.07
1568,3,301,1,899.99,0.1
1569,1,252,1,2999.99,0.1
1570,1,155,1,11999.99,0.07
1571,1,312,2,699.99,0.1
1571,2,212,1,559.99,0.07
1571,3,20,2,599.99,0.2
1572,1,216,2,899.99,0.05
1572,2,198,1,2999.99,0.2
1572,3,115,1,3199.99,0.05
1572,4,304,2,679.99,0.2
1573,1,9,1,2999.99,0.05
1573,2,129,1,919.99,0.07
1573,3,15,2,529.99,0.1
1573,4,216,2,899.99,0.07
1573,5,263,2,89.99,0.1
1574,1,127,1,469.99,0.1
1575,1,44,1,539.99,0.07
1575,2,207,2,3999.99,0.1
1575,3,213,1,269.99,0.07
1575,4,126,2,469.99,0.05
1575,5,92,2,209.99,0.2
1576,1,69,1,416.99,0.05
1576,2,293,1,319.99,0.05
1576,3,202,2,3499.99,0.05
1577,1,298,2,279.99,0.05
1577,2,111,2,470.99,0.1
1577,3,300,2,799.99,0.2
1577,4,131,2,2599,0.07
1577,5,282,2,279.99,0.05
1578,1,204,2,3599.99,0.07
1578,2,310,1,899.99,0.05
1578,3,241,2,749.99,0.2
1579,1,49,1,3499.99,0.05
1579,2,214,1,899.99,0.1
1579,3,286,1,279.99,0.07
1579,4,65,2,346.99,0.1
1580,1,119,2,469.99,0.07
1580,2,86,2,149.99,0.2
1581,1,64,1,489.99,0.1
1581,2,272,1,289.99,0.2
1582,1,75,1,599.99,0.07
1582,2,133,2,1499.99,0.07
1583,1,15,1,529.99,0.05
1583,2,265,2,289.99,0.2
1584,1,45,2,869.99,0.1
1584,2,216,2,899.99,0.1
1584,3,43,1,5299.99,0.2
1584,4,187,1,2799.99,0.1
1584,5,147,2,1799.99,0.07
1585,1,313,1,449.99,0.1
1585,2,106,2,449.99,0.1
1585,3,207,2,3999.99,0.07
1585,4,95,1,299.99,0.1
1585,5,191,1,2799.99,0.1
1586,1,22,2,269.99,0.1
1586,2,277,1,369.99,0.07
1586,3,295,1,319.99,0.05
1586,4,173,1,3199.99,0.2
1586,5,36,1,832.99,0.1
1587,1,104,1,481.99,0.1
1587,2,63,2,3499.99,0.05
1587,3,78,2,647.99,0.05
1587,4,300,2,799.99,0.07
1588,1,93,2,209.99,0.07
1589,1,246,2,639.99,0.05
1589,2,260,1,799.99,0.2
1589,3,28,2,2499.99,0.1
1590,1,175,2,3199.99,0.07
1590,2,248,1,599.99,0.2
1590,3,23,1,299.99,0.07
1591,1,286,2,279.99,0.2
1591,2,126,2,469.99,0.2
1591,3,97,2,349.99,0.07
1591,4,138,2,2249.99,0.05
1591,5,265,1,289.99,0.2
1592,1,211,2,1549,0.05
1592,2,159,1,2299.99,0.07
1592,3,40,2,4999.99,0.07
1592,4,9,1,2999.99,0.2
1592,5,271,2,209.99,0.05
1593,1,97,2,349.99,0.2
1593,2,34,1,469.99,0.07
1593,3,190,2,2799.99,0.1
1593,4,107,1,416.99,0.05
1593,5,169,2,6499.99,0.07
1594,1,79,2,402.99,0.1
1594,2,105,1,533.99,0.1
1595,1,112,1,379.99,0.2
1596,1,91,1,349.99,0.05
1596,2,18,1,449,0.1
1597,1,176,1,3199.99,0.07
1597,2,59,1,2599.99,0.07
1598,1,247,1,599.99,0.2
1598,2,49,2,3499.99,0.07
1598,3,88,1,189.99,0.2
1599,1,104,2,481.99,0.2
1600,1,146,1,4999.99,0.1
1600,2,295,1,319.99,0.05
1600,3,36,1,832.99,0.2
1601,1,114,2,579.99,0.2
1601,2,10,1,1549,0.2
1601,3,220,2,269.99,0.07
1601,4,7,2,3999.99,0.07
1601,5,180,1,919.99,0.1
1602,1,71,2,416.99,0.05
1602,2,37,1,379.99,0.07
1602,3,275,2,229.99,0.2
1602,4,257,2,899.99,0.05
1603,1,275,2,229.99,0.05
1604,1,271,1,209.99,0.1
1605,1,72,1,619.99,0.1
1605,2,186,1,4499.99,0.2
1605,3,132,2,1499.99,0.1
1605,4,301,1,899.99,0.1
1605,5,29,1,999.99,0.07
1606,1,245,1,659.99,0.1
1606,2,271,1,209.99,0.1
1607,1,29,1,999.99,0.05
1608,1,231,2,529.99,0.05
1609,1,96,1,349.99,0.2
1609,2,238,2,749.99,0.2
1609,3,228,2,319.99,0.1
1609,4,105,1,533.99,0.2
1610,1,36,1,832.99,0.07
1610,2,173,2,3199.99,0.2
1611,1,191,1,2799.99,0.07
1611,2,171,2,3199.99,0.1
1611,3,236,1,749.99,0.2
1612,1,242,1,699.99,0.1
1612,2,289,2,319.99,0.05
1612,3,101,2,339.99,0.2
1612,4,293,2,319.99,0.07
1612,5,60,1,1559.99,0.1
1613,1,153,1,4999.99,0.07
1613,2,283,2,319.99,0.05
1614,1,124,1,1499,0.07
1614,2,159,2,2299.99,0.07
1614,3,213,2,269.99,0.2
1615,1,197,2,2299.99,0.2
1615,2,214,1,899.99,0.07
1615,3,182,1,2499.99,0.2